"AACCT","ADATE","HID","HUNITS","HDIRECT1","HDIRECT2","HDIRECT3","HPRINCIPAL","HACCRUAL","HCARRY","LDATE","LUNITS","LPRINCIPAL","LACCRUAL","LCARRY","LUSERDEF1","USERCHR1"
FAKE003,2024/09,GB00BYX11W63,10977.62600,1,.,.,14528.60,.,.,1900/12/31,.,.,.,.,.,.
FAKE003,2024/09,IE000GSIFIB0,656.00000,1,.,.,7670.61,.,.,1900/12/31,.,.,.,.,.,.
FAKE003,2024/09,IE00B42WWV65,939.00000,1,.,.,15824.50,.,.,1900/12/31,.,.,.,.,.,.
FAKE003,2024/09,IE00BF4G6Y48,2365.00000,1,.,.,89952.78,.,.,1900/12/31,.,.,.,.,.,.
FAKE003,2024/09,IE00BKW9SW28,659.00000,1,.,.,16073.01,.,.,1900/12/31,.,.,.,.,.,.
FAKE003,2024/09,LU1781541849,1842.00000,1,.,.,17361.77,.,.,1900/12/31,.,.,.,.,.,.
FAKE003,2024/10,GB00BYX11W63,10977.62600,1,.,.,14551.72,.,.,1900/12/31,.,.,.,.,.,.
FAKE003,2024/10,IE000GSIFIB0,656.00000,1,.,.,7933.66,.,.,1900/12/31,.,.,.,.,.,.
FAKE003,2024/10,IE00B42WWV65,939.00000,1,.,.,15426.60,.,.,1900/12/31,.,.,.,.,.,.
FAKE003,2024/10,IE00BF4G6Y48,2365.00000,1,.,.,92323.69,.,.,1900/12/31,.,.,.,.,.,.
FAKE003,2024/10,IE00BKW9SW28,659.00000,1,.,.,15960.98,.,.,1900/12/31,.,.,.,.,.,.
FAKE003,2024/10,LU1781541849,1842.00000,1,.,.,17057.84,.,.,1900/12/31,.,.,.,.,.,.
FAKE003,2024/11,GB00BYX11W63,5632.10200,1,.,.,7477.99,.,.,1900/12/31,.,.,.,.,.,.
FAKE003,2024/11,IE000GSIFIB0,336.00000,1,.,.,4166.40,.,.,1900/12/31,.,.,.,.,.,.
FAKE003,2024/11,IE00B42WWV65,503.00000,1,.,.,8156.15,.,.,1900/12/31,.,.,.,.,.,.
FAKE003,2024/11,IE00BF4G6Y48,1111.00000,1,.,.,44984.39,.,.,1900/12/31,.,.,.,.,.,.
FAKE003,2024/11,IE00BKW9SW28,351.00000,1,.,.,8472.26,.,.,1900/12/31,.,.,.,.,.,.
FAKE003,2024/11,LU1781541849,853.00000,1,.,.,7776.37,.,.,1900/12/31,.,.,.,.,.,.
FAKE004,2024/09,CASHGBP,21453.10000,4,.,.,21453.10,21453.10,.,1900/12/31,.,21453.10,.,.,.,.
FAKE004,2024/09,GB00BYX11W63,3697.73401,1,2,1,4893.85,4689.49,.,1900/12/31,.,4689.49,.,.,.,.
FAKE004,2024/09,IE000L2SA8K5,600.00002,2,2,1,2700.75,2750.60,.,1900/12/31,.,2750.60,.,.,.,.
FAKE004,2024/09,IE00B42WWV65,587.00002,2,1,1,9885.81,9659.04,.,1900/12/31,.,9659.04,.,.,.,.
FAKE004,2024/09,IE00BDFK3G24,1056.00002,2,1,1,4870.27,4699.45,.,1900/12/31,.,4699.45,.,.,.,.
FAKE004,2024/09,IE00BF4G6Y48,431.00001,1,2,2,16301.50,13527.54,.,1900/12/31,.,13527.54,.,.,.,.
FAKE004,2024/09,IE00BKW9SW28,387.00002,2,2,1,9430.22,9029.36,.,1900/12/31,.,9029.36,.,.,.,.
FAKE004,2024/10,CASHGBP,21453.97000,4,.,.,21453.97,21453.97,.,1900/12/31,.,21453.97,.,.,.,.
FAKE004,2024/10,GB00BYX11W63,3697.73401,1,2,1,4901.64,4689.49,.,1900/12/31,.,4689.49,.,.,.,.
FAKE004,2024/10,IE000L2SA8K5,600.00002,2,2,1,2788.95,2750.60,.,1900/12/31,.,2750.60,.,.,.,.
FAKE004,2024/10,IE00B42WWV65,587.00002,2,1,1,9567.37,9659.04,.,1900/12/31,.,9659.04,.,.,.,.
FAKE004,2024/10,IE00BDFK3G24,1056.00002,2,1,1,4781.57,4699.45,.,1900/12/31,.,4699.45,.,.,.,.
FAKE004,2024/10,IE00BF4G6Y48,431.00001,1,2,2,16714.18,13527.54,.,1900/12/31,.,13527.54,.,.,.,.
FAKE004,2024/10,IE00BKW9SW28,387.00002,2,2,1,9337.34,9029.36,.,1900/12/31,.,9029.36,.,.,.,.
FAKE004,2024/11,CASHGBP,1620.03000,4,.,.,1620.03,1620.03,.,1900/12/31,.,1620.03,.,.,.,.
FAKE004,2024/11,GB00BYX11W63,5070.27401,1,2,1,6757.90,6530.95,.,1900/12/31,.,6530.95,.,.,.,.
FAKE004,2024/11,IE000L2SA8K5,990.00002,2,2,1,4948.02,4687.84,.,1900/12/31,.,4687.84,.,.,.,.
FAKE004,2024/11,IE00B42WWV65,922.00002,2,1,1,15249.88,15158.80,.,1900/12/31,922.0000,15158.80,.,.,.,.
FAKE004,2024/11,IE00BDFK3G24,1501.00002,2,1,1,6885.09,6749.76,.,1900/12/31,.,6749.76,.,.,.,.
FAKE004,2024/11,IE00BF4G6Y48,540.00001,1,2,2,22059.00,17937.52,.,1900/12/31,.,17937.52,.,.,.,.
FAKE004,2024/11,IE00BKW9SW28,556.00002,2,2,1,13602.54,13154.37,.,1900/12/31,.,13154.37,.,.,.,.
FAKE004,2024/12,CASHGBP,1692.83000,4,.,.,1692.83,1692.83,.,1900/12/31,.,1692.83,.,.,.,.
FAKE004,2024/12,GB00BYX11W63,5070.27401,1,2,1,6762.57,6588.66,.,1900/12/31,.,6588.66,.,.,.,.
FAKE004,2024/12,IE000L2SA8K5,.00002,2,2,1,00.4687.8,4,.,1900/12/31,990.0000,4687.84,.,.,.,.
FAKE004,2024/12,IE00B42WWV65,922.00002,2,1,1,14811.93,15158.80,.,1900/12/31,.,15158.80,.,.,.,.
FAKE004,2024/12,IE00BDFK3G24,1501.00002,2,1,1,6856.57,6749.76,.,1900/12/31,.,6749.76,.,.,.,.
FAKE004,2024/12,IE00BF4G6Y48,540.00001,1,2,2,21814.65,17937.52,.,1900/12/31,.,17937.52,.,.,.,.
FAKE004,2024/12,IE00BKW9SW28,556.00002,2,2,1,13370.41,13154.37,.,1900/12/31,.,13154.37,.,.,.,.
FAKE004,2024/12,IE00BNGJJT35,103.00002,2,2,1,4828.13,4870.27,.,1900/12/31,.,4870.27,.,.,.,.
FAKE004,2025/01,GB00BYX11W63,5070.27400,1,.,.,6769.49,.,.,1900/12/31,.,.,.,.,.,.
FAKE004,2025/01,IE000L2SA8K5,600.00000,1,.,.,2724.15,.,.,1900/12/31,.,.,.,.,.,.
FAKE004,2025/01,IE00B42WWV65,922.00000,1,.,.,14783.12,.,.,1900/12/31,.,.,.,.,.,.
FAKE004,2025/01,IE00BDFK3G24,1501.00000,1,.,.,6804.03,.,.,1900/12/31,.,.,.,.,.,.
FAKE004,2025/01,IE00BF4G6Y48,540.00000,1,.,.,22030.65,.,.,1900/12/31,.,.,.,.,.,.
FAKE004,2025/01,IE00BKW9SW28,556.00000,1,.,.,13374.58,.,.,1900/12/31,.,.,.,.,.,.
FAKE004,2025/01,IE00BNGJJT35,103.00000,1,.,.,4898.68,.,.,1900/12/31,.,.,.,.,.,.
FAKE005,2024/09,CASHGBP,8524.21000,4,.,.,8524.21,8524.21,.,1900/12/31,.,8524.21,.,.,.,.
FAKE005,2024/09,GB00BYX11W63,33300.7700,1,1,2,44072.70,43242.82,1,1900/12/31,.,43242.82,.,.,.,.
FAKE005,2024/09,IE000061JZE2,2628.00002,2,2,1,20663.96,21206.94,.,1900/12/31,.,21206.94,.,.,.,.
FAKE005,2024/09,IE0007P4PBU1,4898.00002,2,2,1,27507.17,21703.45,.,1900/12/31,.,21703.45,.,.,.,.
FAKE005,2024/09,IE000GETKIK8,646.00002,2,2,1,6501.99,6486.49,.,1900/12/31,646.0000,6486.49,.,.,.,.
FAKE005,2024/09,IE000GSIFIB0,1452.00001,1,2,1,16975.33,17536.93,.,1900/12/31,.,17536.93,.,.,.,.
FAKE005,2024/09,IE000L1I4R94,3333.00002,2,2,1,27692.48,27588.28,.,1900/12/31,.,27588.28,.,.,.,.
FAKE005,2024/09,IE000L2SA8K5,8917.00002,2,2,1,40137.65,40601.27,.,1900/12/31,.,40601.27,.,.,.,.
FAKE005,2024/09,IE000LZC9NM0,6959.00002,2,2,1,39050.15,37084.01,.,1900/12/31,6959.000,37084.01,0,.,.,.
FAKE005,2024/09,IE0032077012,36.00001,1,2,1,13142.34,10582.28,.,1900/12/31,.,10582.28,.,.,.,.
FAKE005,2024/09,IE00B42WWV65,2236.00002,2,1,1,37657.04,36957.34,.,1900/12/31,.,36957.34,.,.,.,.
FAKE005,2024/09,IE00B9KNR336,808.00002,2,1,1,29298.08,28122.24,.,1900/12/31,.,28122.24,.,.,.,.
FAKE005,2024/09,IE00BCBJF711,982.00002,2,1,1,28605.66,27555.28,.,1900/12/31,.,27555.28,.,.,.,.
FAKE005,2024/09,IE00BF4G6Y48,798.00001,1,2,2,30182.36,25019.25,.,1900/12/31,.,25019.25,.,.,.,.
FAKE005,2024/09,IE00BGPP8L80,2128.00002,1,2,1,15664.21,13151.04,.,1900/12/31,.,13151.04,.,.,.,.
FAKE005,2024/09,IE00BKW9SW28,2053.00002,2,2,1,50026.48,47813.84,.,1900/12/31,.,47813.84,.,.,.,.
FAKE005,2024/09,IE00BQWJFQ70,509.00001,1,2,1,13615.75,13009.68,.,1900/12/31,.,13009.68,.,.,.,.
FAKE005,2024/09,LU1781541849,2300.00002,1,1,1,21398.05,18765.00,.,1900/12/31,.,18765.00,.,.,.,.
FAKE005,2024/10,CASHGBP,8222.55000,4,.,.,8222.55,8222.55,.,1900/12/31,.,8222.55,.,.,.,.
FAKE005,2024/10,GB00BYX11W63,33300.7700,1,1,2,44142.83,43242.82,1,1900/12/31,.,43242.82,.,.,.,.
FAKE005,2024/10,IE000061JZE2,2628.00002,2,2,1,21472.07,21206.94,.,1900/12/31,.,21206.94,.,.,.,.
FAKE005,2024/10,IE0007P4PBU1,4898.00002,2,2,1,27409.21,21703.45,.,1900/12/31,.,21703.45,.,.,.,.
FAKE005,2024/10,IE000GETKIK8,646.00002,2,2,1,6538.17,6305.58,.,1900/12/31,.,6305.58,.,.,.,.
FAKE005,2024/10,IE000GSIFIB0,1452.00001,1,2,1,17749.25,17536.93,.,1900/12/31,.,17536.93,.,.,.,.
FAKE005,2024/10,IE000L1I4R94,3333.00002,2,2,1,28116.63,27588.28,.,1900/12/31,.,27588.28,.,.,.,.
FAKE005,2024/10,IE000L2SA8K5,8917.00002,2,2,1,41448.45,40601.27,.,1900/12/31,.,40601.27,.,.,.,.
FAKE005,2024/10,IE000LZC9NM0,6959.00002,2,2,1,40855.40,40855.40,.,1900/12/31,6959.000,40855.40,0,.,.,.
FAKE005,2024/10,IE0032077012,36.00001,1,2,1,13651.02,10582.28,.,1900/12/31,.,10582.28,.,.,.,.
FAKE005,2024/10,IE00B42WWV65,2236.00002,2,1,1,36444.01,36957.34,.,1900/12/31,.,36957.34,.,.,.,.
FAKE005,2024/10,IE00B9KNR336,808.00002,2,1,1,28841.56,28122.24,.,1900/12/31,.,28122.24,.,.,.,.
FAKE005,2024/10,IE00BCBJF711,982.00002,2,1,1,28404.35,27556.36,.,1900/12/31,.,27556.36,.,.,.,.
FAKE005,2024/10,IE00BF4G6Y48,798.00001,1,2,2,30946.44,25019.25,.,1900/12/31,.,25019.25,.,.,.,.
FAKE005,2024/10,IE00BGPP8L80,2128.00002,1,2,1,15570.58,13151.04,.,1900/12/31,.,13151.04,.,.,.,.
FAKE005,2024/10,IE00BKW9SW28,2053.00002,2,2,1,49533.76,47813.84,.,1900/12/31,.,47813.84,.,.,.,.
FAKE005,2024/10,IE00BQWJFQ70,509.00001,1,2,1,13597.94,13009.68,.,1900/12/31,.,13009.68,.,.,.,.
FAKE005,2024/10,LU1781541849,2300.00002,1,1,1,21322.15,18765.00,.,1900/12/31,.,18765.00,.,.,.,.
FAKE005,2024/11,CASHGBP,7708.79000,4,.,.,7708.79,7708.79,.,1900/12/31,.,7708.79,.,.,.,.
FAKE005,2024/11,GB00BYX11W63,33300.7700,1,1,2,44384.86,43242.82,1,1900/12/31,.,43242.82,.,.,.,.
FAKE005,2024/11,IE000061JZE2,2628.00002,2,2,1,21745.39,21206.94,.,1900/12/31,.,21206.94,.,.,.,.
FAKE005,2024/11,IE0007P4PBU1,4898.00002,2,2,1,26647.57,21703.45,.,1900/12/31,.,21703.45,.,.,.,.
FAKE005,2024/11,IE000GETKIK8,646.00002,2,2,1,6479.70,6479.70,.,1900/12/31,.,6479.70,.,.,.,.
FAKE005,2024/11,IE000GSIFIB0,1452.00001,1,2,1,18052.72,17536.93,.,1900/12/31,.,17536.93,.,.,.,.
FAKE005,2024/11,IE000L1I4R94,3333.00002,2,2,1,28654.54,27588.28,.,1900/12/31,.,27588.28,.,.,.,.
FAKE005,2024/11,IE000L2SA8K5,8917.00002,2,2,1,44567.17,40601.27,.,1900/12/31,.,40601.27,.,.,.,.
FAKE005,2024/11,IE000LZC9NM0,6959.00002,2,2,1,41031.06,37084.01,.,1900/12/31,6959.000,37084.01,0,.,.,.
FAKE005,2024/11,IE0032077012,36.00001,1,2,1,14508.18,10582.28,.,1900/12/31,.,10582.28,.,.,.,.
FAKE005,2024/11,IE00B42WWV65,2236.00002,2,1,1,36983.44,36957.34,.,1900/12/31,.,36957.34,.,.,.,.
FAKE005,2024/11,IE00B9KNR336,808.00002,2,1,1,29229.40,28122.24,.,1900/12/31,.,28122.24,.,.,.,.
FAKE005,2024/11,IE00BCBJF711,982.00002,2,1,1,28679.31,27556.36,.,1900/12/31,.,27556.36,.,.,.,.
FAKE005,2024/11,IE00BF4G6Y48,798.00001,1,2,2,32598.30,25019.25,.,1900/12/31,.,25019.25,.,.,.,.
FAKE005,2024/11,IE00BGPP8L80,2128.00002,1,2,1,16157.90,13151.04,.,1900/12/31,.,13151.04,.,.,.,.
FAKE005,2024/11,IE00BKW9SW28,2053.00002,2,2,1,50226.65,47813.84,.,1900/12/31,.,47813.84,.,.,.,.
FAKE005,2024/11,IE00BQWJFQ70,509.00001,1,2,1,13977.14,13009.68,.,1900/12/31,.,13009.68,.,.,.,.
FAKE005,2024/11,LU1781541849,2300.00002,1,1,1,21064.55,18765.00,.,1900/12/31,.,18765.00,.,.,.,.
FAKE005,2024/12,CASHGBP,7398.29000,4,.,.,7398.29,7398.29,.,1900/12/31,.,7398.29,.,.,.,.
FAKE005,2024/12,GB00BYX11W63,33300.7700,1,1,2,44415.50,43762.56,1,1900/12/31,.,43762.56,.,.,.,.
FAKE005,2024/12,IE000061JZE2,2628.00002,2,2,1,21842.62,21206.94,.,1900/12/31,.,21206.94,.,.,.,.
FAKE005,2024/12,IE0007P4PBU1,4898.00002,2,2,1,27428.80,21703.45,.,1900/12/31,.,21703.45,.,.,.,.
FAKE005,2024/12,IE000GETKIK8,646.00002,2,2,1,6439.00,6305.58,.,1900/12/31,646.0000,6305.58,.,.,.,.
FAKE005,2024/12,IE000GSIFIB0,1452.00001,1,2,1,18366.35,17536.93,.,1900/12/31,.,17536.93,.,.,.,.
FAKE005,2024/12,IE000L1I4R94,3333.00002,2,2,1,28518.29,27588.28,.,1900/12/31,.,27588.28,.,.,.,.
FAKE005,2024/12,IE000L2SA8K5,.00002,2,2,1,00.40601.,27,1900/12/31,8917.000,40601.27,0,.,.,.,
FAKE005,2024/12,IE000LZC9NM0,6959.00002,2,2,1,41362.53,41362.53,.,1900/12/31,.,41362.53,.,.,.,.
FAKE005,2024/12,IE0032077012,.00001,1,2,1,00.10582.,28,1900/12/31,36.0000,10582.28,.,.,.,.,.
FAKE005,2024/12,IE00B3YCGJ38,16.00002,2,2,1,14920.64,14945.28,.,1900/12/31,.,14945.28,.,.,.,.
FAKE005,2024/12,IE00B42WWV65,2236.00002,2,1,1,35921.34,36957.34,.,1900/12/31,.,36957.34,.,.,.,.
FAKE005,2024/12,IE00B9KNR336,808.00002,2,1,1,29217.28,28122.24,.,1900/12/31,.,28122.24,.,.,.,.
FAKE005,2024/12,IE00BCBJF711,982.00002,2,1,1,28738.23,27556.36,.,1900/12/31,.,27556.36,.,.,.,.
FAKE005,2024/12,IE00BF4G6Y48,798.00001,1,2,2,32237.21,25019.25,.,1900/12/31,.,25019.25,.,.,.,.
FAKE005,2024/12,IE00BGPP8L80,2128.00002,1,2,1,15491.84,13151.04,.,1900/12/31,.,13151.04,.,.,.,.
FAKE005,2024/12,IE00BKW9SW28,2053.00002,2,2,1,49369.52,47813.84,.,1900/12/31,.,47813.84,.,.,.,.
FAKE005,2024/12,IE00BNGJJT35,928.00002,2,2,1,43500.00,43719.52,.,1900/12/31,.,43719.52,.,.,.,.
FAKE005,2024/12,IE00BQWJFQ70,509.00001,1,2,1,13557.22,13009.68,.,1900/12/31,.,13009.68,.,.,.,.
FAKE005,2024/12,LU1781541849,2300.00002,1,1,1,21163.45,18765.00,.,1900/12/31,.,18765.00,.,.,.,.
FAKE005,2025/01,GB00BYX11W63,33300.7700,0,1,.,44460.96,.,.,1900/12/31,.,.,.,.,.,.
FAKE005,2025/01,IE000061JZE2,2628.00000,1,.,.,22122.50,.,.,1900/12/31,.,.,.,.,.,.
FAKE005,2025/01,IE0007P4PBU1,4898.00000,1,.,.,27389.62,.,.,1900/12/31,.,.,.,.,.,.
FAKE005,2025/01,IE000GSIFIB0,1452.00000,1,.,.,18604.48,.,.,1900/12/31,.,.,.,.,.,.
FAKE005,2025/01,IE000L1I4R94,3333.00000,1,.,.,28787.47,.,.,1900/12/31,.,.,.,.,.,.
FAKE005,2025/01,IE000LZC9NM0,6959.00000,1,.,.,42047.50,.,.,1900/12/31,.,.,.,.,.,.
FAKE005,2025/01,IE00B3YCGJ38,16.00000,1,.,.,15039.36,.,.,1900/12/31,.,.,.,.,.,.
FAKE005,2025/01,IE00B42WWV65,2236.00000,1,.,.,35851.47,.,.,1900/12/31,.,.,.,.,.,.
FAKE005,2025/01,IE00B9KNR336,808.00000,1,.,.,29427.36,.,.,1900/12/31,.,.,.,.,.,.
FAKE005,2025/01,IE00BCBJF711,982.00000,1,.,.,28762.78,.,.,1900/12/31,.,.,.,.,.,.
FAKE005,2025/01,IE00BF4G6Y48,798.00000,1,.,.,32556.41,.,.,1900/12/31,.,.,.,.,.,.
FAKE005,2025/01,IE00BGPP8L80,2128.00000,1,.,.,15517.38,.,.,1900/12/31,.,.,.,.,.,.
FAKE005,2025/01,IE00BKW9SW28,2053.00000,1,.,.,49384.92,.,.,1900/12/31,.,.,.,.,.,.
FAKE005,2025/01,IE00BNGJJT35,928.00000,1,.,.,44135.68,.,.,1900/12/31,.,.,.,.,.,.
FAKE005,2025/01,IE00BQWJFQ70,509.00000,1,.,.,13753.18,.,.,1900/12/31,.,.,.,.,.,.
FAKE005,2025/01,LU1781541849,2300.00000,1,.,.,21347.45,.,.,1900/12/31,.,.,.,.,.,.
FAKE006,2024/09,CASHGBP,21259.02000,4,.,.,21259.02,21259.02,.,1900/12/31,.,21259.02,.,.,.,.
FAKE006,2024/09,GB00BYX11W63,3179.32401,1,2,1,4207.75,4034.85,.,1900/12/31,.,4034.85,.,.,.,.
FAKE006,2024/09,IE000L2SA8K5,515.00002,2,2,1,2318.14,2363.77,.,1900/12/31,.,2363.77,.,.,.,.
FAKE006,2024/09,IE00B42WWV65,504.00002,2,1,1,8487.99,8298.74,.,1900/12/31,.,8298.74,.,.,.,.
FAKE006,2024/09,IE00BDFK3G24,908.00002,2,1,1,4187.70,4042.62,.,1900/12/31,.,4042.62,.,.,.,.
FAKE006,2024/09,IE00BF4G6Y48,370.00001,1,2,2,13994.33,11615.80,.,1900/12/31,.,11615.80,.,.,.,.
FAKE006,2024/09,IE00BKW9SW28,333.00002,2,2,1,8114.38,7772.24,.,1900/12/31,.,7772.24,.,.,.,.
FAKE006,2024/10,CASHGBP,21264.75000,4,.,.,21264.75,21264.75,.,1900/12/31,.,21264.75,.,.,.,.
FAKE006,2024/10,GB00BYX11W63,3179.32401,1,2,1,4214.45,4034.85,.,1900/12/31,.,4034.85,.,.,.,.
FAKE006,2024/10,IE000L2SA8K5,515.00002,2,2,1,2393.85,2363.77,.,1900/12/31,.,2363.77,.,.,.,.
FAKE006,2024/10,IE00B42WWV65,504.00002,2,1,1,8214.57,8298.74,.,1900/12/31,.,8298.74,.,.,.,.
FAKE006,2024/10,IE00BDFK3G24,908.00002,2,1,1,4111.42,4042.62,.,1900/12/31,.,4042.62,.,.,.,.
FAKE006,2024/10,IE00BF4G6Y48,370.00001,1,2,2,14348.60,11615.80,.,1900/12/31,.,11615.80,.,.,.,.
FAKE006,2024/10,IE00BKW9SW28,333.00002,2,2,1,8034.46,7772.24,.,1900/12/31,.,7772.24,.,.,.,.
FAKE006,2024/11,CASHGBP,1479.96000,4,.,.,1479.96,1479.96,.,1900/12/31,.,1479.96,.,.,.,.
FAKE006,2024/11,GB00BYX11W63,4561.04001,1,2,1,6079.17,5888.49,.,1900/12/31,.,5888.49,.,.,.,.
FAKE006,2024/11,IE000L2SA8K5,890.00002,2,2,1,4448.22,4227.27,.,1900/12/31,.,4227.27,.,.,.,.
FAKE006,2024/11,IE00B42WWV65,829.00002,2,1,1,13711.66,13634.93,.,1900/12/31,.,13634.93,.,.,.,.
FAKE006,2024/11,IE00BDFK3G24,1350.00002,2,1,1,6192.45,6079.25,.,1900/12/31,.,6079.25,.,.,.,.
FAKE006,2024/11,IE00BF4G6Y48,485.00001,1,2,2,19812.25,16267.43,.,1900/12/31,.,16267.43,.,.,.,.
FAKE006,2024/11,IE00BKW9SW28,500.00002,2,2,1,12232.50,11848.67,.,1900/12/31,.,11848.67,.,.,.,.
FAKE006,2024/12,CASHGBP,1572.25000,4,.,.,1572.25,1572.25,.,1900/12/31,.,1572.25,.,.,.,.
FAKE006,2024/12,GB00BYX11W63,4561.04001,1,2,1,6083.37,5938.11,.,1900/12/31,.,5938.11,.,.,.,.
FAKE006,2024/12,IE000L2SA8K5,.00002,2,2,1,00.4227.2,7,1900/12/31,890.0000,4227.27,.,.,.,.,.
FAKE006,2024/12,IE00B42WWV65,829.00002,2,1,1,13317.89,13634.93,.,1900/12/31,.,13634.93,.,.,.,.
FAKE006,2024/12,IE00BDFK3G24,1350.00002,2,1,1,6166.80,6079.25,.,1900/12/31,.,6079.25,.,.,.,.
FAKE006,2024/12,IE00BF4G6Y48,485.00001,1,2,2,19592.79,16267.43,.,1900/12/31,.,16267.43,.,.,.,.
FAKE006,2024/12,IE00BKW9SW28,500.00002,2,2,1,12023.75,11848.67,.,1900/12/31,.,11848.67,.,.,.,.
FAKE006,2024/12,IE00BNGJJT35,92.00002,2,2,1,4312.50,4352.28,.,1900/12/31,.,4352.28,.,.,.,.
FAKE006,2025/01,GB00BYX11W63,4561.04000,1,.,.,6089.60,.,.,1900/12/31,.,.,.,.,.,.
FAKE006,2025/01,IE00B42WWV65,829.00000,1,.,.,13291.98,.,.,1900/12/31,.,.,.,.,.,.
FAKE006,2025/01,IE00BDFK3G24,1350.00000,1,.,.,6119.55,.,.,1900/12/31,.,.,.,.,.,.
FAKE006,2025/01,IE00BF4G6Y48,485.00000,1,.,.,19786.79,.,.,1900/12/31,.,.,.,.,.,.
FAKE006,2025/01,IE00BKW9SW28,500.00000,1,.,.,12027.50,.,.,1900/12/31,.,.,.,.,.,.
FAKE006,2025/01,IE00BNGJJT35,92.00000,1,.,.,4375.52,.,.,1900/12/31,.,.,.,.,.,.
FAKE007,2024/09,CASHGBP,9231.75000,4,.,.,9231.75,9231.75,.,1900/12/31,.,9231.75,.,.,.,.
FAKE007,2024/09,GB00BYX11W63,719.59101,1,2,1,952.36,928.70,.,1900/12/31,.,928.70,.,.,.,.
FAKE007,2024/09,IE000L2SA8K5,174.00002,2,2,1,783.22,811.87,.,1900/12/31,.,811.87,.,.,.,.
FAKE007,2024/09,IE00B42WWV65,102.00002,2,1,1,1717.81,1719.68,.,1900/12/31,.,1719.68,.,.,.,.
FAKE007,2024/09,IE00BDFK3G24,164.00002,2,1,1,756.37,735.27,.,1900/12/31,.,735.27,.,.,.,.
FAKE007,2024/09,IE00BF4G6Y48,97.00001,1,2,2,3668.78,3059.98,.,1900/12/31,.,3059.98,.,.,.,.
FAKE007,2024/09,IE00BKW9SW28,56.00002,2,2,1,1364.58,1323.68,.,1900/12/31,.,1323.68,.,.,.,.
FAKE007,2024/10,CASHGBP,9240.45000,4,.,.,9240.45,9240.45,.,1900/12/31,.,9240.45,.,.,.,.
FAKE007,2024/10,GB00BYX11W63,719.59101,1,2,1,953.88,928.70,.,1900/12/31,.,928.70,.,.,.,.
FAKE007,2024/10,IE000L2SA8K5,174.00002,2,2,1,808.80,811.87,.,1900/12/31,.,811.87,.,.,.,.
FAKE007,2024/10,IE00B42WWV65,102.00002,2,1,1,1662.47,1719.68,.,1900/12/31,.,1719.68,.,.,.,.
FAKE007,2024/10,IE00BDFK3G24,164.00002,2,1,1,742.59,735.27,.,1900/12/31,.,735.27,.,.,.,.
FAKE007,2024/10,IE00BF4G6Y48,97.00001,1,2,2,3761.66,3059.98,.,1900/12/31,.,3059.98,.,.,.,.
FAKE007,2024/10,IE00BKW9SW28,56.00002,2,2,1,1351.14,1323.68,.,1900/12/31,.,1323.68,.,.,.,.
FAKE007,2024/11,CASHGBP,365.25000,4,.,.,365.25,365.25,.,1900/12/31,.,365.25,.,.,.,.
FAKE007,2024/11,GB00BYX11W63,1398.69001,1,2,1,1864.24,1849.92,.,1900/12/31,.,1849.92,.,.,.,.
FAKE007,2024/11,IE000L2SA8K5,340.00002,2,2,1,1699.32,1647.93,.,1900/12/31,.,1647.93,.,.,.,.
FAKE007,2024/11,IE00B42WWV65,212.00002,2,1,1,3506.48,3539.01,.,1900/12/31,.,3539.01,.,.,.,.
FAKE007,2024/11,IE00BDFK3G24,331.00002,2,1,1,1518.30,1517.21,.,1900/12/31,.,1517.21,.,.,.,.
FAKE007,2024/11,IE00BF4G6Y48,173.00001,1,2,2,7067.05,6140.88,.,1900/12/31,.,6140.88,.,.,.,.
FAKE007,2024/11,IE00BKW9SW28,115.00002,2,2,1,2813.48,2776.79,.,1900/12/31,.,2776.79,.,.,.,.
FAKE007,2024/12,CASHGBP,362.18000,4,.,.,362.18,362.18,.,1900/12/31,.,362.18,.,.,.,.
FAKE007,2024/12,GB00BYX11W63,1398.69001,1,2,1,1865.53,1861.15,.,1900/12/31,.,1861.15,.,.,.,.
FAKE007,2024/12,IE000L2SA8K5,.00002,2,2,1,00.1647.9,3,1900/12/31,340.0000,1647.93,.,.,.,.,.
FAKE007,2024/12,IE00B42WWV65,212.00002,2,1,1,3405.78,3539.01,.,1900/12/31,.,3539.01,.,.,.,.
FAKE007,2024/12,IE00BDFK3G24,331.00002,2,1,1,1512.01,1517.21,.,1900/12/31,.,1517.21,.,.,.,.
FAKE007,2024/12,IE00BF4G6Y48,173.00001,1,2,2,6988.77,6140.88,.,1900/12/31,.,6140.88,.,.,.,.
FAKE007,2024/12,IE00BKW9SW28,115.00002,2,2,1,2765.46,2776.79,.,1900/12/31,.,2776.79,.,.,.,.
FAKE007,2024/12,IE00BNGJJT35,35.00002,2,2,1,1640.63,1668.15,.,1900/12/31,.,1668.15,.,.,.,.
FAKE007,2025/01,GB00BYX11W63,1398.69000,1,.,.,1867.44,.,.,1900/12/31,.,.,.,.,.,.
FAKE007,2025/01,IE00B42WWV65,212.00000,1,.,.,3399.16,.,.,1900/12/31,.,.,.,.,.,.
FAKE007,2025/01,IE00BDFK3G24,331.00000,1,.,.,1500.42,.,.,1900/12/31,.,.,.,.,.,.
FAKE007,2025/01,IE00BF4G6Y48,173.00000,1,.,.,7057.97,.,.,1900/12/31,.,.,.,.,.,.
FAKE007,2025/01,IE00BKW9SW28,115.00000,1,.,.,2766.33,.,.,1900/12/31,.,.,.,.,.,.
FAKE007,2025/01,IE00BNGJJT35,35.00000,1,.,.,1664.60,.,.,1900/12/31,.,.,.,.,.,.
FAKE008,2024/09,CASHGBP,9231.75000,4,.,.,9231.75,9231.75,.,1900/12/31,.,9231.75,.,.,.,.
FAKE008,2024/09,GB00BYX11W63,719.59101,1,2,1,952.36,928.70,.,1900/12/31,.,928.70,.,.,.,.
FAKE008,2024/09,IE000L2SA8K5,174.00002,2,2,1,783.22,811.87,.,1900/12/31,.,811.87,.,.,.,.
FAKE008,2024/09,IE00B42WWV65,102.00002,2,1,1,1717.81,1719.68,.,1900/12/31,.,1719.68,.,.,.,.
FAKE008,2024/09,IE00BDFK3G24,164.00002,2,1,1,756.37,735.27,.,1900/12/31,.,735.27,.,.,.,.
FAKE008,2024/09,IE00BF4G6Y48,97.00001,1,2,2,3668.78,3059.98,.,1900/12/31,.,3059.98,.,.,.,.
FAKE008,2024/09,IE00BKW9SW28,56.00002,2,2,1,1364.58,1323.68,.,1900/12/31,.,1323.68,.,.,.,.
FAKE008,2024/10,CASHGBP,9240.45000,4,.,.,9240.45,9240.45,.,1900/12/31,.,9240.45,.,.,.,.
FAKE008,2024/10,GB00BYX11W63,719.59101,1,2,1,953.88,928.70,.,1900/12/31,.,928.70,.,.,.,.
FAKE008,2024/10,IE000L2SA8K5,174.00002,2,2,1,808.80,811.87,.,1900/12/31,.,811.87,.,.,.,.
FAKE008,2024/10,IE00B42WWV65,102.00002,2,1,1,1662.47,1719.68,.,1900/12/31,.,1719.68,.,.,.,.
FAKE008,2024/10,IE00BDFK3G24,164.00002,2,1,1,742.59,735.27,.,1900/12/31,.,735.27,.,.,.,.
FAKE008,2024/10,IE00BF4G6Y48,97.00001,1,2,2,3761.66,3059.98,.,1900/12/31,.,3059.98,.,.,.,.
FAKE008,2024/10,IE00BKW9SW28,56.00002,2,2,1,1351.14,1323.68,.,1900/12/31,.,1323.68,.,.,.,.
FAKE008,2024/11,CASHGBP,365.25000,4,.,.,365.25,365.25,.,1900/12/31,.,365.25,.,.,.,.
FAKE008,2024/11,GB00BYX11W63,1398.69001,1,2,1,1864.24,1849.92,.,1900/12/31,.,1849.92,.,.,.,.
FAKE008,2024/11,IE000L2SA8K5,340.00002,2,2,1,1699.32,1647.93,.,1900/12/31,.,1647.93,.,.,.,.
FAKE008,2024/11,IE00B42WWV65,212.00002,2,1,1,3506.48,3539.01,.,1900/12/31,.,3539.01,.,.,.,.
FAKE008,2024/11,IE00BDFK3G24,331.00002,2,1,1,1518.30,1517.21,.,1900/12/31,.,1517.21,.,.,.,.
FAKE008,2024/11,IE00BF4G6Y48,173.00001,1,2,2,7067.05,6140.88,.,1900/12/31,.,6140.88,.,.,.,.
FAKE008,2024/11,IE00BKW9SW28,115.00002,2,2,1,2813.48,2776.79,.,1900/12/31,.,2776.79,.,.,.,.
FAKE008,2024/12,CASHGBP,362.18000,4,.,.,362.18,362.18,.,1900/12/31,.,362.18,.,.,.,.
FAKE008,2024/12,GB00BYX11W63,1398.69001,1,2,1,1865.53,1861.15,.,1900/12/31,.,1861.15,.,.,.,.
FAKE008,2024/12,IE000L2SA8K5,.00002,2,2,1,00.1647.9,3,1900/12/31,340.0000,1647.93,.,.,.,.,.
FAKE008,2024/12,IE00B42WWV65,212.00002,2,1,1,3405.78,3539.01,.,1900/12/31,.,3539.01,.,.,.,.
FAKE008,2024/12,IE00BDFK3G24,331.00002,2,1,1,1512.01,1517.21,.,1900/12/31,.,1517.21,.,.,.,.
FAKE008,2024/12,IE00BF4G6Y48,173.00001,1,2,2,6988.77,6140.88,.,1900/12/31,.,6140.88,.,.,.,.
FAKE008,2024/12,IE00BKW9SW28,115.00002,2,2,1,2765.46,2776.79,.,1900/12/31,.,2776.79,.,.,.,.
FAKE008,2024/12,IE00BNGJJT35,35.00002,2,2,1,1640.63,1668.15,.,1900/12/31,.,1668.15,.,.,.,.
FAKE008,2025/01,GB00BYX11W63,1398.69000,1,.,.,1867.44,.,.,1900/12/31,.,.,.,.,.,.
FAKE008,2025/01,IE00B42WWV65,212.00000,1,.,.,3399.16,.,.,1900/12/31,.,.,.,.,.,.
FAKE008,2025/01,IE00BDFK3G24,331.00000,1,.,.,1500.42,.,.,1900/12/31,.,.,.,.,.,.
FAKE008,2025/01,IE00BF4G6Y48,173.00000,1,.,.,7057.97,.,.,1900/12/31,.,.,.,.,.,.
FAKE008,2025/01,IE00BKW9SW28,115.00000,1,.,.,2766.33,.,.,1900/12/31,.,.,.,.,.,.
FAKE008,2025/01,IE00BNGJJT35,35.00000,1,.,.,1664.60,.,.,1900/12/31,.,.,.,.,.,.
FAKE009,2024/09,CASHGBP,9231.75000,4,.,.,9231.75,9231.75,.,1900/12/31,.,9231.75,.,.,.,.
FAKE009,2024/09,GB00BYX11W63,719.59101,1,2,1,952.36,928.70,.,1900/12/31,.,928.70,.,.,.,.
FAKE009,2024/09,IE000L2SA8K5,174.00002,2,2,1,783.22,811.87,.,1900/12/31,.,811.87,.,.,.,.
FAKE009,2024/09,IE00B42WWV65,102.00002,2,1,1,1717.81,1719.68,.,1900/12/31,.,1719.68,.,.,.,.
FAKE009,2024/09,IE00BDFK3G24,164.00002,2,1,1,756.37,735.27,.,1900/12/31,.,735.27,.,.,.,.
FAKE009,2024/09,IE00BF4G6Y48,97.00001,1,2,2,3668.78,3059.98,.,1900/12/31,.,3059.98,.,.,.,.
FAKE009,2024/09,IE00BKW9SW28,56.00002,2,2,1,1364.58,1323.68,.,1900/12/31,.,1323.68,.,.,.,.
FAKE009,2024/10,CASHGBP,9240.45000,4,.,.,9240.45,9240.45,.,1900/12/31,.,9240.45,.,.,.,.
FAKE009,2024/10,GB00BYX11W63,719.59101,1,2,1,953.88,928.70,.,1900/12/31,.,928.70,.,.,.,.
FAKE009,2024/10,IE000L2SA8K5,174.00002,2,2,1,808.80,811.87,.,1900/12/31,.,811.87,.,.,.,.
FAKE009,2024/10,IE00B42WWV65,102.00002,2,1,1,1662.47,1719.68,.,1900/12/31,.,1719.68,.,.,.,.
FAKE009,2024/10,IE00BDFK3G24,164.00002,2,1,1,742.59,735.27,.,1900/12/31,.,735.27,.,.,.,.
FAKE009,2024/10,IE00BF4G6Y48,97.00001,1,2,2,3761.66,3059.98,.,1900/12/31,.,3059.98,.,.,.,.
FAKE009,2024/10,IE00BKW9SW28,56.00002,2,2,1,1351.14,1323.68,.,1900/12/31,.,1323.68,.,.,.,.
FAKE009,2024/11,CASHGBP,365.25000,4,.,.,365.25,365.25,.,1900/12/31,.,365.25,.,.,.,.
FAKE009,2024/11,GB00BYX11W63,1398.69001,1,2,1,1864.24,1849.92,.,1900/12/31,.,1849.92,.,.,.,.
FAKE009,2024/11,IE000L2SA8K5,340.00002,2,2,1,1699.32,1647.93,.,1900/12/31,.,1647.93,.,.,.,.
FAKE009,2024/11,IE00B42WWV65,212.00002,2,1,1,3506.48,3539.01,.,1900/12/31,.,3539.01,.,.,.,.
FAKE009,2024/11,IE00BDFK3G24,331.00002,2,1,1,1518.30,1517.21,.,1900/12/31,.,1517.21,.,.,.,.
FAKE009,2024/11,IE00BF4G6Y48,173.00001,1,2,2,7067.05,6140.88,.,1900/12/31,.,6140.88,.,.,.,.
FAKE009,2024/11,IE00BKW9SW28,115.00002,2,2,1,2813.48,2776.79,.,1900/12/31,.,2776.79,.,.,.,.
FAKE009,2024/12,CASHGBP,362.18000,4,.,.,362.18,362.18,.,1900/12/31,.,362.18,.,.,.,.
FAKE009,2024/12,GB00BYX11W63,1398.69001,1,2,1,1865.53,1861.15,.,1900/12/31,.,1861.15,.,.,.,.
FAKE009,2024/12,IE000L2SA8K5,.00002,2,2,1,00.1647.9,3,1900/12/31,340.0000,1647.93,.,.,.,.,.
FAKE009,2024/12,IE00B42WWV65,212.00002,2,1,1,3405.78,3539.01,.,1900/12/31,.,3539.01,.,.,.,.
FAKE009,2024/12,IE00BDFK3G24,331.00002,2,1,1,1512.01,1517.21,.,1900/12/31,.,1517.21,.,.,.,.
FAKE009,2024/12,IE00BF4G6Y48,173.00001,1,2,2,6988.77,6140.88,.,1900/12/31,.,6140.88,.,.,.,.
FAKE009,2024/12,IE00BKW9SW28,115.00002,2,2,1,2765.46,2776.79,.,1900/12/31,.,2776.79,.,.,.,.
FAKE009,2024/12,IE00BNGJJT35,35.00002,2,2,1,1640.63,1668.15,.,1900/12/31,.,1668.15,.,.,.,.
FAKE009,2025/01,GB00BYX11W63,1398.69000,1,.,.,1867.44,.,.,1900/12/31,.,.,.,.,.,.
FAKE009,2025/01,IE00B42WWV65,212.00000,1,.,.,3399.16,.,.,1900/12/31,.,.,.,.,.,.
FAKE009,2025/01,IE00BDFK3G24,331.00000,1,.,.,1500.42,.,.,1900/12/31,.,.,.,.,.,.
FAKE009,2025/01,IE00BF4G6Y48,173.00000,1,.,.,7057.97,.,.,1900/12/31,.,.,.,.,.,.
FAKE009,2025/01,IE00BKW9SW28,115.00000,1,.,.,2766.33,.,.,1900/12/31,.,.,.,.,.,.
FAKE009,2025/01,IE00BNGJJT35,35.00000,1,.,.,1664.60,.,.,1900/12/31,.,.,.,.,.,.
FAKE010,2024/09,CASHGBP,482206.8700,0,4,.,482206.87,00482206.8,7,1900/12/31,481872.3,00.00.00,482206.8,7.00,.,.
FAKE010,2024/09,GB00BYX11W63,191441.5950,1,1,2,253367.97,248412.97,1,1900/12/31,.,248412.9,7,.,.,.
FAKE010,2024/09,IE000061JZE2,15088.00002,2,2,1,118636.94,121659.46,.,1900/12/31,.,121659.4,6,.,.,.
FAKE010,2024/09,IE0007P4PBU1,28207.00002,2,2,1,158410.51,124892.39,.,1900/12/31,.,124892.3,9,.,.,.
FAKE010,2024/09,IE000GETKIK8,3637.00002,2,2,1,36606.41,35408.01,.,1900/12/31,.,35408.01,.,.,.,.
FAKE010,2024/09,IE000GSIFIB0,8344.00001,1,2,1,97549.70,100682.02,.,1900/12/31,.,100682.0,2,.,.,.
FAKE010,2024/09,IE000L1I4R94,19197.00002,2,2,1,159499.70,158824.10,.,1900/12/31,.,158824.1,0,.,.,.
FAKE010,2024/09,IE000L2SA8K5,51354.00002,2,2,1,231157.19,233732.05,.,1900/12/31,.,233732.0,5,.,.,.
FAKE010,2024/09,IE000LZC9NM0,40080.00002,2,2,1,224907.32,00224053.3,1,1900/12/31,40080.00,00.00.00,224053.3,1.00,.,.
FAKE010,2024/09,IE0032077012,210.00001,1,2,1,76663.65,61663.17,.,1900/12/31,.,61663.17,.,.,.,.
FAKE010,2024/09,IE00B42WWV65,12880.00002,2,1,1,216915.30,214064.99,.,1900/12/31,.,214064.9,9,.,.,.
FAKE010,2024/09,IE00B9KNR336,4657.00002,2,1,1,168862.82,161990.46,.,1900/12/31,.,161990.4,6,.,.,.
FAKE010,2024/09,IE00BCBJF711,5637.00002,2,1,1,164205.81,158081.48,.,1900/12/31,.,158081.4,8,.,.,.
FAKE010,2024/09,IE00BF4G6Y48,4598.00001,1,2,2,173907.86,144111.28,.,1900/12/31,.,144111.2,8,.,.,.
FAKE010,2024/09,IE00BGPP8L80,12205.00002,1,2,1,89841.01,76081.56,.,1900/12/31,.,76081.56,.,.,.,.
FAKE010,2024/09,IE00BKW9SW28,11788.00002,2,2,1,287244.09,274444.64,.,1900/12/31,.,274444.6,4,.,.,.
FAKE010,2024/09,IE00BQWJFQ70,2924.00001,1,2,1,78217.00,74640.48,.,1900/12/31,.,74640.48,.,.,.,.
FAKE010,2024/09,LU1781541849,13245.00002,1,1,1,123224.86,107966.75,.,1900/12/31,.,107966.7,5,.,.,.
FAKE010,2024/10,CASHGBP,481872.3700,0,4,.,481872.37,00481872.3,7,1900/12/31,.0000.00,00481872.3,.7.00,.,.,
FAKE010,2024/10,CASHUSD,.00000,4,.,.,.00.00.00,.,1900/12/31,.0000.00,00.00.00,.,.,.,.,.
FAKE010,2024/10,GB00BYX11W63,191441.5950,1,1,2,253771.15,248412.97,1,1900/12/31,.,248412.9,7,.,.,.
FAKE010,2024/10,IE000061JZE2,15088.00002,2,2,1,123276.50,121659.46,.,1900/12/31,.,121659.4,6,.,.,.
FAKE010,2024/10,IE0007P4PBU1,28207.00002,2,2,1,157846.37,124892.39,.,1900/12/31,.,124892.3,9,.,.,.
FAKE010,2024/10,IE000GETKIK8,3637.00002,2,2,1,36810.08,36810.08,.,1900/12/31,.,36810.08,.,.,.,.
FAKE010,2024/10,IE000GSIFIB0,8344.00001,1,2,1,101997.06,100682.02,.,1900/12/31,.,100682.0,2,.,.,.
FAKE010,2024/10,IE000L1I4R94,19197.00002,2,2,1,161942.69,158824.10,.,1900/12/31,.,158824.1,0,.,.,.
FAKE010,2024/10,IE000L2SA8K5,51354.00002,2,2,1,238706.23,233732.05,.,1900/12/31,.,233732.0,5,.,.,.
FAKE010,2024/10,IE000LZC9NM0,40080.00002,2,2,1,235304.60,00213507.9,8,1900/12/31,43757.00,00.00.00,213507.9,8.00,.,.
FAKE010,2024/10,IE0032077012,210.00001,1,2,1,79630.95,61663.17,.,1900/12/31,.,61663.17,.,.,.,.
FAKE010,2024/10,IE00B42WWV65,12880.00002,2,1,1,209927.90,214064.99,.,1900/12/31,.,214064.9,9,.,.,.
FAKE010,2024/10,IE00B9KNR336,4657.00002,2,1,1,166231.62,161990.46,.,1900/12/31,.,161990.4,6,.,.,.
FAKE010,2024/10,IE00BCBJF711,5637.00002,2,1,1,163050.23,158087.68,.,1900/12/31,.,158087.6,8,.,.,.
FAKE010,2024/10,IE00BF4G6Y48,4598.00001,1,2,2,178310.44,144111.28,.,1900/12/31,.,144111.2,8,.,.,.
FAKE010,2024/10,IE00BGPP8L80,12205.00002,1,2,1,89303.99,76081.56,.,1900/12/31,.,76081.56,.,.,.,.
FAKE010,2024/10,IE00BKW9SW28,11788.00002,2,2,1,284414.97,274444.64,.,1900/12/31,.,274444.6,4,.,.,.
FAKE010,2024/10,IE00BQWJFQ70,2924.00001,1,2,1,78114.66,74640.48,.,1900/12/31,.,74640.48,.,.,.,.
FAKE010,2024/10,LU1781541849,13245.00002,1,1,1,122787.77,107966.75,.,1900/12/31,.,107966.7,5,.,.,.
FAKE010,2024/11,CASHGBP,82139.60000,4,.,.,82139.60,0082139.60,.,1900/12/31,81445.40,00.00.00,82139.60,.00,.,.
FAKE010,2024/11,CASHUSD,.00000,4,.,.,.00.00.00,.,1900/12/31,.0000.00,00.00.00,.,.,.,.,.
FAKE010,2024/11,GB00BYX11W63,226130.8930,1,1,2,301398.11,294468.27,1,1900/12/31,.,294468.2,7,.,.,.
FAKE010,2024/11,IE000061JZE2,17678.00002,2,2,1,146276.61,143300.78,.,1900/12/31,.,143300.7,8,.,.,.
FAKE010,2024/11,IE0007P4PBU1,28207.00002,2,2,1,153460.18,124892.39,.,1900/12/31,.,124892.3,9,.,.,.
FAKE010,2024/11,IE000GETKIK8,3637.00002,2,2,1,36480.92,0036480.92,.,1900/12/31,.0000.00,0036480.92,.00,.,.,.
FAKE010,2024/11,IE000GSIFIB0,9753.00001,1,2,1,121259.05,118266.61,.,1900/12/31,.,118266.6,1,.,.,.
FAKE010,2024/11,IE000L1I4R94,22579.00002,2,2,1,194116.65,187833.91,.,1900/12/31,.,187833.9,1,.,.,.
FAKE010,2024/11,IE000L2SA8K5,58635.00002,2,2,1,293057.73,269783.23,.,1900/12/31,.,269783.2,3,.,.,.
FAKE010,2024/11,IE000LZC9NM0,43757.00002,2,2,1,257996.30,235540.79,.,1900/12/31,.,235540.7,9,.,.,.
FAKE010,2024/11,IE0032077012,217.00001,1,2,1,87452.09,64485.06,.,1900/12/31,.,64485.06,.,.,.,.
FAKE010,2024/11,IE00B42WWV65,16058.00002,2,1,1,265599.32,266073.33,.,1900/12/31,.,266073.3,3,.,.,.
FAKE010,2024/11,IE00B9KNR336,5539.00002,2,1,1,200373.33,193480.22,.,1900/12/31,.,193480.2,2,.,.,.
FAKE010,2024/11,IE00BCBJF711,6738.00002,2,1,1,196783.29,190058.70,.,1900/12/31,.,190058.7,0,.,.,.
FAKE010,2024/11,IE00BF4G6Y48,4886.00001,1,2,2,199593.10,155742.00,.,1900/12/31,.,155742.0,0,.,.,.
FAKE010,2024/11,IE00BGPP8L80,13090.00002,1,2,1,99392.37,82660.30,.,1900/12/31,.,82660.30,.,.,.,.
FAKE010,2024/11,IE00BKW9SW28,14450.00002,2,2,1,353519.25,339124.62,.,1900/12/31,.,339124.6,2,.,.,.
FAKE010,2024/11,IE00BQWJFQ70,3430.00001,1,2,1,94187.80,88282.00,.,1900/12/31,.,88282.00,.,.,.,.
FAKE010,2024/11,LU1781541849,14491.00002,1,1,1,132715.82,119402.60,.,1900/12/31,.,119402.6,0,.,.,.
FAKE010,2024/12,CASHGBP,81445.40000,4,.,.,81445.40,0081445.40,.,1900/12/31,.0000.00,0081445.40,.00,.,.,.
FAKE010,2024/12,CASHUSD,.00000,4,.,.,.00.00.00,.,1900/12/31,.0000.00,00.00.00,.,.,.,.,.
FAKE010,2024/12,GB00BYX11W63,226130.8930,1,1,2,301606.15,297456.16,1,1900/12/31,.,297456.1,6,.,.,.
FAKE010,2024/12,IE000061JZE2,17678.00002,2,2,1,146930.70,143300.78,.,1900/12/31,.,143300.7,8,.,.,.
FAKE010,2024/12,IE0007P4PBU1,28207.00002,2,2,1,157959.20,124892.39,.,1900/12/31,.,124892.3,9,.,.,.
FAKE010,2024/12,IE000GETKIK8,3637.00002,2,2,1,36251.79,0035408.01,.,1900/12/31,3637.000,0.00.00,35408.01,.00,.,.
FAKE010,2024/12,IE000GSIFIB0,9753.00001,1,2,1,123365.70,118266.61,.,1900/12/31,.,118266.6,1,.,.,.
FAKE010,2024/12,IE000L1I4R94,22579.00002,2,2,1,193193.65,187833.91,.,1900/12/31,.,187833.9,1,.,.,.
FAKE010,2024/12,IE000L2SA8K5,.00002,2,2,1,00.269783,.,23,1900/12/31,58635.00,269783.23,00,.,.,.
FAKE010,2024/12,IE000LZC9NM0,43757.00002,2,2,1,260080.49,260080.49,.,1900/12/31,.,260080.4,9,.,.,.
FAKE010,2024/12,IE0032077012,.00001,1,2,1,00.64485.,06,1900/12/31,217.0000,64485.06,.,.,.,.,.
FAKE010,2024/12,IE00B3YCGJ38,97.00002,2,2,1,90456.38,90504.51,.,1900/12/31,.,90504.51,.,.,.,.
FAKE010,2024/12,IE00B42WWV65,16058.00002,2,1,1,257971.77,266073.33,.,1900/12/31,.,266073.3,3,.,.,.
FAKE010,2024/12,IE00B9KNR336,5539.00002,2,1,1,200290.24,193480.22,.,1900/12/31,.,193480.2,2,.,.,.
FAKE010,2024/12,IE00BCBJF711,6738.00002,2,1,1,197187.57,190058.70,.,1900/12/31,.,190058.7,0,.,.,.
FAKE010,2024/12,IE00BF4G6Y48,4886.00001,1,2,2,197382.19,155742.00,.,1900/12/31,.,155742.0,0,.,.,.
FAKE010,2024/12,IE00BGPP8L80,13090.00002,1,2,1,95295.20,82660.30,.,1900/12/31,.,82660.30,.,.,.,.
FAKE010,2024/12,IE00BKW9SW28,14450.00002,2,2,1,347486.38,339124.62,.,1900/12/31,.,339124.6,2,.,.,.
FAKE010,2024/12,IE00BNGJJT35,6108.00002,2,2,1,286312.50,287645.72,.,1900/12/31,.,287645.7,2,.,.,.
FAKE010,2024/12,IE00BQWJFQ70,3430.00001,1,2,1,91358.05,88282.00,.,1900/12/31,.,88282.00,.,.,.,.
FAKE010,2024/12,LU1781541849,14491.00002,1,1,1,133338.94,119402.60,.,1900/12/31,.,119402.6,0,.,.,.
FAKE010,2025/01,GB00BYX11W63,226130.8930,0,1,.,301914.82,.,.,1900/12/31,.,.,.,.,.,.
FAKE010,2025/01,IE000061JZE2,17678.00000,1,.,.,148813.40,.,.,1900/12/31,.,.,.,.,.,.
FAKE010,2025/01,IE0007P4PBU1,28207.00000,1,.,.,157733.54,.,.,1900/12/31,.,.,.,.,.,.
FAKE010,2025/01,IE000GSIFIB0,9753.00000,1,.,.,124965.19,.,.,1900/12/31,.,.,.,.,.,.
FAKE010,2025/01,IE000L1I4R94,22579.00000,1,.,.,195017.21,.,.,1900/12/31,.,.,.,.,.,.
FAKE010,2025/01,IE000L2SA8K5,51354.00000,1,.,.,233160.00,.,.,1900/12/31,.,.,.,.,.,.
FAKE010,2025/01,IE000LZC9NM0,43757.00000,1,.,.,264387.46,.,.,1900/12/31,.,.,.,.,.,.
FAKE010,2025/01,IE00B3YCGJ38,97.00000,1,.,.,91176.12,.,.,1900/12/31,.,.,.,.,.,.
FAKE010,2025/01,IE00B42WWV65,16058.00000,1,.,.,257469.96,.,.,1900/12/31,.,.,.,.,.,.
FAKE010,2025/01,IE00B9KNR336,5539.00000,1,.,.,201730.38,.,.,1900/12/31,.,.,.,.,.,.
FAKE010,2025/01,IE00BCBJF711,6738.00000,1,.,.,197356.02,.,.,1900/12/31,.,.,.,.,.,.
FAKE010,2025/01,IE00BF4G6Y48,4886.00000,1,.,.,199336.59,.,.,1900/12/31,.,.,.,.,.,.
FAKE010,2025/01,IE00BGPP8L80,13090.00000,1,.,.,95452.28,.,.,1900/12/31,.,.,.,.,.,.
FAKE010,2025/01,IE00BKW9SW28,14450.00000,1,.,.,347594.75,.,.,1900/12/31,.,.,.,.,.,.
FAKE010,2025/01,IE00BNGJJT35,6108.00000,1,.,.,290496.48,.,.,1900/12/31,.,.,.,.,.,.
FAKE010,2025/01,IE00BQWJFQ70,3430.00000,1,.,.,92678.60,.,.,1900/12/31,.,.,.,.,.,.
FAKE010,2025/01,LU1781541849,14491.00000,1,.,.,134498.22,.,.,1900/12/31,.,.,.,.,.,.
FAKE013,2024/10,CASHGBP,-100.00000,99,.,.,-100.00,-5.00,.,1900/12/31,.,-5.00,.,.,.,.
FAKE013,2024/10,GB00BYX11W63,-200.00000,99,.,.,-300.00,-10.00,.,1900/12/31,.,-10.00,.,.,.,.
FAKE013,2024/11,CASHGBP,-200.00000,99,.,.,-200.00,-10.00,.,1900/12/31,.,-10.00,.,.,.,.
FAKE013,2024/11,GB00BYX11W63,-400.00000,99,.,.,-600.00,-25.00,.,1900/12/31,.,-25.00,.,.,.,.
